{
  "project_info": {
    "project_number": "169382646158",
    "firebase_url": "https://transactionsystem-5c29c.firebaseio.com",
    "project_id": "transactionsystem-5c29c",
    "storage_bucket": "transactionsystem-5c29c.appspot.com"
  },
  "client": [
    {
      "client_info": {
        "mobilesdk_app_id": "1:169382646158:android:63e6608921fa56d26ad4df",
        "android_client_info": {
          "package_name": "com.hybrid.transaction"
        }
      },
      "oauth_client": [
        {
          "client_id": "169382646158-2q44ib2b5kvihf3jfifb1nldmfdikrqa.apps.googleusercontent.com",
          "client_type": 3
        }
      ],
      "api_key": [
        {
          "current_key": "AIzaSyBFP3zb6iAaa4n-ypUbS-6KCTmSTlantjQ"
        }
      ],
      "services": {
        "appinvite_service": {
          "other_platform_oauth_client": [
            {
              "client_id": "169382646158-2q44ib2b5kvihf3jfifb1nldmfdikrqa.apps.googleusercontent.com",
              "client_type": 3
            }
          ]
        }
      }
    },
    {
      "client_info": {
        "mobilesdk_app_id": "1:169382646158:android:b84bece7495cde696ad4df",
        "android_client_info": {
          "package_name": "com.microhybrid.transactionsystem"
        }
      },
      "oauth_client": [
        {
          "client_id": "169382646158-2tjstccam2l0sk50lag8ob19ef2truas.apps.googleusercontent.com",
          "client_type": 1,
          "android_info": {
            "package_name": "com.microhybrid.transactionsystem",
            "certificate_hash": "2dfc22ad2ac55ef49f778948fbebca7b8da364eb"
          }
        },
        {
          "client_id": "169382646158-2q44ib2b5kvihf3jfifb1nldmfdikrqa.apps.googleusercontent.com",
          "client_type": 3
        }
      ],
      "api_key": [
        {
          "current_key": "AIzaSyBFP3zb6iAaa4n-ypUbS-6KCTmSTlantjQ"
        }
      ],
      "services": {
        "appinvite_service": {
          "other_platform_oauth_client": [
            {
              "client_id": "169382646158-2q44ib2b5kvihf3jfifb1nldmfdikrqa.apps.googleusercontent.com",
              "client_type": 3
            }
          ]
        }
      }
    }
  ],
  "configuration_version": "1"
}